<?xml version="1.0"?>
<opencv_storage>
<cascade>
  <stageType>BOOST</stageType>
  <featureType>LBP</featureType>
  <height>20</height>
  <width>26</width>
  <stageParams>
    <boostType>GAB</boostType>
    <minHitRate>9.9500000476837158e-01</minHitRate>
    <maxFalseAlarm>4.0000000596046448e-01</maxFalseAlarm>
    <weightTrimRate>9.4999999999999996e-01</weightTrimRate>
    <maxDepth>1</maxDepth>
    <maxWeakCount>100</maxWeakCount></stageParams>
  <featureParams>
    <maxCatCount>256</maxCatCount>
    <featSize>1</featSize></featureParams>
  <stageNum>11</stageNum>
  <stages>
    <!-- stage 0 -->
    <_>
      <maxWeakCount>3</maxWeakCount>
      <stageThreshold>-1.2173347473144531e+00</stageThreshold>
      <weakClassifiers>
        <_>
          <internalNodes>
            0 -1 19 -4402 -1 -811074065 -2097185 -67371009 -71304261
            -262145 -5</internalNodes>
          <leafValues>
            -9.1703605651855469e-01 5.0430130958557129e-01</leafValues></_>
        <_>
          <internalNodes>
            0 -1 6 -343932929 738191311 -536870913 805306367 1601961951
            1338989515 -272629761 -1</internalNodes>
          <leafValues>
            -8.3603942394256592e-01 5.4160976409912109e-01</leafValues></_>
        <_>
          <internalNodes>
            0 -1 62 2139094911 1600092023 -3145761 -537397449 -1049601
            2069856239 1580204031 2134867755</internalNodes>
          <leafValues>
            -7.9735052585601807e-01 5.3574073314666748e-01</leafValues></_></weakClassifiers></_>
    <!-- stage 1 -->
    <_>
      <maxWeakCount>5</maxWeakCount>
      <stageThreshold>-1.1902098655700684e+00</stageThreshold>
      <weakClassifiers>
        <_>
          <internalNodes>
            0 -1 26 -134217729 -513 16974619 1073724415 -4194305 -278561
            804208575 -1025</internalNodes>
          <leafValues>
            -7.6618492603302002e-01 6.1374247074127197e-01</leafValues></_>
        <_>
          <internalNodes>
            0 -1 17 -33751555 -221731 -538968577 -544404068 -1411846145
            -35868164 -1344749569 -1954018168</internalNodes>
          <leafValues>
            -6.8908017873764038e-01 5.5812960863113403e-01</leafValues></_>
        <_>
          <internalNodes>
            0 -1 18 1869590190 -2242 -1343805009 -10521601 -1543767298
            -9985 -1409565697 -16449</internalNodes>
          <leafValues>
            -8.1395399570465088e-01 4.6346908807754517e-01</leafValues></_>
        <_>
          <internalNodes>
            0 -1 40 430969341 -10789539 -6471681 -42002563 -1431126017
            -7 262712319 1067977112</internalNodes>
          <leafValues>
            -7.1072918176651001e-01 5.4742395877838135e-01</leafValues></_>
        <_>
          <internalNodes>
            0 -1 69 -2257 1068498815 -70789121 -2057 48907779 839384959
            -151021729 -1025</internalNodes>
          <leafValues>
            -7.0119059085845947e-01 5.4252868890762329e-01</leafValues></_></weakClassifiers></_>
    <!-- stage 2 -->
    <_>
      <maxWeakCount>5</maxWeakCount>
      <stageThreshold>-1.3688887357711792e+00</stageThreshold>
      <weakClassifiers>
        <_>
          <internalNodes>
            0 -1 12 -268435457 577752623 -69206017 -201326593 1199525887
            2139059327 -1 -1</internalNodes>
          <leafValues>
            -8.6714947223663330e-01 2.0526419579982758e-01</leafValues></_>
        <_>
          <internalNodes>
            0 -1 44 1362326013 -2097929 -545317379 -2105857 -1145324613
            -1089 1002373304 1073678783</internalNodes>
          <leafValues>
            -6.8116253614425659e-01 4.3572464585304260e-01</leafValues></_>
        <_>
          <internalNodes>
            0 -1 36 -37945859 -426659 -269484035 -11182275 -1096237315
            -197636 -1616331845 -1104670968</internalNodes>
          <leafValues>
            -5.7984286546707153e-01 4.9743300676345825e-01</leafValues></_>
        <_>
          <internalNodes>
            0 -1 1 -419436026 1178597359 -536352585 -1023410177
            1161777413 1145429587 -203426349 1988098047</internalNodes>
          <leafValues>
            -7.4358224868774414e-01 4.0475958585739136e-01</leafValues></_>
        <_>
          <internalNodes>
            0 -1 74 -201328893 61860655 -220773837 822083071 -136332489
            1601933631 -137365677 -134217729</internalNodes>
          <leafValues>
            -6.4684116840362549e-01 4.5039394497871399e-01</leafValues></_></weakClassifiers></_>
    <!-- stage 3 -->
    <_>
      <maxWeakCount>6</maxWeakCount>
      <stageThreshold>-1.8912236690521240e+00</stageThreshold>
      <weakClassifiers>
        <_>
          <internalNodes>
            0 -1 25 -262145 -1081433702 -1347802177 1068114699
            -103023617 -4531207 -67108865 -1</internalNodes>
          <leafValues>
            -7.8243601322174072e-01 2.9534190893173218e-01</leafValues></_>
        <_>
          <internalNodes>
            0 -1 29 -1154476579 -584363 -14680577 -35531 714910719
            -4195333 1001963519 732562844</internalNodes>
          <leafValues>
            -6.7710536718368530e-01 3.9553365111351013e-01</leafValues></_>
        <_>
          <internalNodes>
            0 -1 31 -285233426 -2119681 -1880100865 -272693297
            -269488145 -3877 -285217553 -5263633</internalNodes>
          <leafValues>
            -6.8668538331985474e-01 4.0917074680328369e-01</leafValues></_>
        <_>
          <internalNodes>
            0 -1 46 -67109416 -35651617 -191080 -44040705 -1075838983
            -33816915 -1442899784 -570433537</internalNodes>
          <leafValues>
            -5.5478316545486450e-01 4.8551526665687561e-01</leafValues></_>
        <_>
          <internalNodes>
            0 -1 16 966791676 2109281724 -1084620801 -6481620 1001946110
            -478257 1060170494 203423872</internalNodes>
          <leafValues>
            -7.0776122808456421e-01 4.0949487686157227e-01</leafValues></_>
        <_>
          <internalNodes>
            0 -1 3 1597130226 -72194314 -671090693 -134220801 1110704610
            1475561271 -67372801 -1</internalNodes>
          <leafValues>
            -6.7833781242370605e-01 4.0029144287109375e-01</leafValues></_></weakClassifiers></_>
    <!-- stage 4 -->
    <_>
      <maxWeakCount>7</maxWeakCount>
      <stageThreshold>-1.7351953983306885e+00</stageThreshold>
      <weakClassifiers>
        <_>
          <internalNodes>
            0 -1 59 -605029749 -216536566 -2145156607 1565251 -956308817
            139778 -1067190525 -981993569</internalNodes>
          <leafValues>
            -7.7604049444198608e-01 1.9309404492378235e-01</leafValues></_>
        <_>
          <internalNodes>
            0 -1 11 -353375505 -2097153 -501497097 -220204037 2004830031
            -8664146 -136349697 -1025</internalNodes>
          <leafValues>
            -5.8817124366760254e-01 4.3203064799308777e-01</leafValues></_>
        <_>
          <internalNodes>
            0 -1 49 1068504572 -8627875 -1107525635 -6332995 -1111949826
            -4538435 -1079336961 1060636860</internalNodes>
          <leafValues>
            -7.0169562101364136e-01 3.6671224236488342e-01</leafValues></_>
        <_>
          <internalNodes>
            0 -1 20 -1374 -10756129 -1074453830 -537002017 -262147
            -16134679 -33574913 -2097153</internalNodes>
          <leafValues>
            -7.9625034332275391e-01 3.1345775723457336e-01</leafValues></_>
        <_>
          <internalNodes>
            0 -1 35 816862456 -2473832 532297181 1035667704 -1178861825
            -1077297957 1000291002 1001068568</internalNodes>
          <leafValues>
            -6.8499481678009033e-01 3.5910177230834961e-01</leafValues></_>
        <_>
          <internalNodes>
            0 -1 75 -269490257 45088687 -1677723344 1929379759
            -134217905 1197473615 -203427089 2013265903</internalNodes>
          <leafValues>
            -6.1732745170593262e-01 3.8513711094856262e-01</leafValues></_>
        <_>
          <internalNodes>
            0 -1 61 -1796496212 271264266 -777803690 -683937485
            -1850740568 807908761 1073211646 -1025</internalNodes>
          <leafValues>
            -6.9080907106399536e-01 3.4067469835281372e-01</leafValues></_></weakClassifiers></_>
    <!-- stage 5 -->
    <_>
      <maxWeakCount>8</maxWeakCount>
      <stageThreshold>-1.6201254129409790e+00</stageThreshold>
      <weakClassifiers>
        <_>
          <internalNodes>
            0 -1 65 -1 -509876093 -527965693 -1073495549 -353383537
            -2147310966 -353899857 -1035473185</internalNodes>
          <leafValues>
            -6.9274902343750000e-01 3.6877298355102539e-01</leafValues></_>
        <_>
          <internalNodes>
            0 -1 5 -337648801 -68686993 -481034373 -2161893 -945827841
            -573585569 -2098177 -1023450621</internalNodes>
          <leafValues>
            -5.4205423593521118e-01 4.0950632095336914e-01</leafValues></_>
        <_>
          <internalNodes>
            0 -1 50 -204479869 301982210 33686019 -246415581 1246446251
            33751042 2843531 -135269377</internalNodes>
          <leafValues>
            -4.5197698473930359e-01 5.1421242952346802e-01</leafValues></_>
        <_>
          <internalNodes>
            0 -1 51 614995389 -1073933027 -2523139 -190595 -1363611713
            -1074085889 725549055 1066015129</internalNodes>
          <leafValues>
            -6.0682302713394165e-01 3.8925969600677490e-01</leafValues></_>
        <_>
          <internalNodes>
            0 -1 41 1060640017 -1073791627 -41943041 -539418799
            -1078280197 -21049473 -1153916996 -1086841592</internalNodes>
          <leafValues>
            -5.5105888843536377e-01 4.3757566809654236e-01</leafValues></_>
        <_>
          <internalNodes>
            0 -1 2 -402653937 -403701761 -2229270 -2097441 1474253603
            2013003711 -134250633 1946154991</internalNodes>
          <leafValues>
            -6.7243289947509766e-01 3.2502853870391846e-01</leafValues></_>
        <_>
          <internalNodes>
            0 -1 27 -1035739134 -211814529 1392505599 -188745761
            1146087247 -36973873 1945205243 -2098181</internalNodes>
          <leafValues>
            -5.1464146375656128e-01 4.5068234205245972e-01</leafValues></_>
        <_>
          <internalNodes>
            0 -1 58 1677716362 -475009809 550761186 -202376341
            -495990066 1129807119 -201588753 -203423745</internalNodes>
          <leafValues>
            -4.8226225376129150e-01 4.4796019792556763e-01</leafValues></_></weakClassifiers></_>
    <!-- stage 6 -->
    <_>
      <maxWeakCount>8</maxWeakCount>
      <stageThreshold>-1.3606307506561279e+00</stageThreshold>
      <weakClassifiers>
        <_>
          <internalNodes>
            0 -1 47 -136839169 -35652641 -12626049 -134217825
            -1343242305 -1074012737 66257679 -257</internalNodes>
          <leafValues>
            -7.3746746778488159e-01 1.4473375678062439e-01</leafValues></_>
        <_>
          <internalNodes>
            0 -1 73 -469765341 36697899 -788532943 -201327681 -2257
            -819991009 -136981965 -1</internalNodes>
          <leafValues>
            -5.7734960317611694e-01 3.4551978111267090e-01</leafValues></_>
        <_>
          <internalNodes>
            0 -1 15 -1 805249869 -202113033 796342143 -1 1342140381
            -70648325 1610612735</internalNodes>
          <leafValues>
            -6.8699717521667480e-01 3.0762094259262085e-01</leafValues></_>
        <_>
          <internalNodes>
            0 -1 71 808457716 -1303184 -1073907201 -1279532 -1111966211
            -84225 -1414881281 -1414527968</internalNodes>
          <leafValues>
            -6.3765847682952881e-01 3.1989297270774841e-01</leafValues></_>
        <_>
          <internalNodes>
            0 -1 63 -403773558 1131343727 -1561861982 -1149310161
            1729090443 51310459 1995964403 -134807553</internalNodes>
          <leafValues>
            -4.9451288580894470e-01 4.2755332589149475e-01</leafValues></_>
        <_>
          <internalNodes>
            0 -1 9 -9303560 -539881474 -122148630 -1078845744 143918292
            2132241249 1298353663 1060339711</internalNodes>
          <leafValues>
            -6.8877202272415161e-01 2.9763120412826538e-01</leafValues></_>
        <_>
          <internalNodes>
            0 -1 48 -764944254 -219179061 853989937 856414063 1346715648
            6116363 1661334431 930086911</internalNodes>
          <leafValues>
            -5.9988164901733398e-01 3.1902697682380676e-01</leafValues></_>
        <_>
          <internalNodes>
            0 -1 68 -1945100812 -545759492 -38013123 2143109037
            -1153762050 -1090699535 -1114198018 679480864</internalNodes>
          <leafValues>
            -6.8823897838592529e-01 2.7283674478530884e-01</leafValues></_></weakClassifiers></_>
    <!-- stage 7 -->
    <_>
      <maxWeakCount>8</maxWeakCount>
      <stageThreshold>-1.2368098497390747e+00</stageThreshold>
      <weakClassifiers>
        <_>
          <internalNodes>
            0 -1 66 -3077 -545 -2128692 -604275713 738149375 -265
            -336658289 -4097</internalNodes>
          <leafValues>
            -7.1413230895996094e-01 1.9799366593360901e-01</leafValues></_>
        <_>
          <internalNodes>
            0 -1 53 -4202976 -4196929 -6433283 -1311873 536829437
            -6553601 -33562657 -1029</internalNodes>
          <leafValues>
            -6.6091096401214600e-01 2.5502416491508484e-01</leafValues></_>
        <_>
          <internalNodes>
            0 -1 7 -1023415705 -352321537 -167779597 -251659297
            1610565447 1337937563 -135563273 -134217729</internalNodes>
          <leafValues>
            -5.9788715839385986e-01 3.2342028617858887e-01</leafValues></_>
        <_>
          <internalNodes>
            0 -1 78 -269488345 14872103 -84411661 -1600192545 -606077057
            98566015 -268438537 1089994743</internalNodes>
          <leafValues>
            -5.6394302845001221e-01 3.3626624941825867e-01</leafValues></_>
        <_>
          <internalNodes>
            0 -1 34 321393680 -1031084 -1313202241 1067976760 1711136767
            -1111957508 -1094476033 520818365</internalNodes>
          <leafValues>
            -6.7605900764465332e-01 2.9416477680206299e-01</leafValues></_>
        <_>
          <internalNodes>
            0 -1 14 519156314 405865051 -762123526 442983615 727185279
            319181579 -2228229 2139094783</internalNodes>
          <leafValues>
            -6.5066260099411011e-01 3.0911591649055481e-01</leafValues></_>
        <_>
          <internalNodes>
            0 -1 54 -85988726 -82908258 -260083576 -1286624305
            -287324261 16996391 -402654549 -136314881</internalNodes>
          <leafValues>
            -4.5605933666229248e-01 4.6103060245513916e-01</leafValues></_>
        <_>
          <internalNodes>
            0 -1 32 -1151312551 1071400277 -1084366977 -2270987
            -1348411393 -1048897 -1146044421 984091897</internalNodes>
          <leafValues>
            -5.7169723510742188e-01 3.5501378774642944e-01</leafValues></_></weakClassifiers></_>
    <!-- stage 8 -->
    <_>
      <maxWeakCount>9</maxWeakCount>
      <stageThreshold>-1.3879218101501465e+00</stageThreshold>
      <weakClassifiers>
        <_>
          <internalNodes>
            0 -1 60 -67114358 -215221361 -214306630 -207618049 -67109957
            38332303 -201589845 -134219777</internalNodes>
          <leafValues>
            -7.3330205678939819e-01 7.8405603766441345e-02</leafValues></_>
        <_>
          <internalNodes>
            0 -1 38 268456152 1433915607 1073708511 -44075105 277478379
            -2359313 1001339903 -1075896421</internalNodes>
          <leafValues>
            -5.5619275569915771e-01 3.0634474754333496e-01</leafValues></_>
        <_>
          <internalNodes>
            0 -1 42 -1060477 -1037835765 1667186689 -202685941
            -1070607678 1074659328 1187725315 -1017130493</internalNodes>
          <leafValues>
            -4.2903727293014526e-01 4.4328051805496216e-01</leafValues></_>
        <_>
          <internalNodes>
            0 -1 23 -1311500803 -4407307 -537927681 -65539 -65539
            -4194309 -197121 -1430766084</internalNodes>
          <leafValues>
            -4.8026371002197266e-01 3.8962134718894958e-01</leafValues></_>
        <_>
          <internalNodes>
            0 -1 0 -303042561 -268439553 -131073 -84410433 1148125508
            1702330229 -151521423 2004350771</internalNodes>
          <leafValues>
            -4.1731461882591248e-01 4.4495326280593872e-01</leafValues></_>
        <_>
          <internalNodes>
            0 -1 64 -134283526 -716905730 -175845808 -729486612
            899550463 1078257800 -347649898 -983040785</internalNodes>
          <leafValues>
            -5.1126801967620850e-01 3.6942386627197266e-01</leafValues></_>
        <_>
          <internalNodes>
            0 -1 76 -4209 -1360003121 -107495838 -352518149 -8389873
            1467998199 -2121 -134217729</internalNodes>
          <leafValues>
            -5.2524977922439575e-01 3.3743581175804138e-01</leafValues></_>
        <_>
          <internalNodes>
            0 -1 67 -67110724 230206526 -172816200 1033879485 -107086404
            491770815 -717239080 -570425345</internalNodes>
          <leafValues>
            -5.5150437355041504e-01 3.0945104360580444e-01</leafValues></_>
        <_>
          <internalNodes>
            0 -1 33 505991220 -269957924 799718076 -1624569623 -9772148
            -4473121 1071332027 1069222202</internalNodes>
          <leafValues>
            -5.8860528469085693e-01 3.0003982782363892e-01</leafValues></_></weakClassifiers></_>
    <!-- stage 9 -->
    <_>
      <maxWeakCount>10</maxWeakCount>
      <stageThreshold>-1.9603464603424072e+00</stageThreshold>
      <weakClassifiers>
        <_>
          <internalNodes>
            0 -1 56 -483799041 -545783937 -2097187 -2621961 -1413758977
            -33 805244313 -1</internalNodes>
          <leafValues>
            -6.7729127407073975e-01 1.6454261541366577e-01</leafValues></_>
        <_>
          <internalNodes>
            0 -1 24 -293605649 -9329809 -15477897 -2677145 -25694465
            -80238603 -297009153 -286290193</internalNodes>
          <leafValues>
            -5.8038336038589478e-01 2.9563990235328674e-01</leafValues></_>
        <_>
          <internalNodes>
            0 -1 55 -1007684933 -1312062805 294914 780803 -896800309 0
            19259347 -168823113</internalNodes>
          <leafValues>
            -4.3338617682456970e-01 3.9719581604003906e-01</leafValues></_>
        <_>
          <internalNodes>
            0 -1 72 -76024897 -49291877 -371204705 -2108225 -19926337
            -22291155 -387999061 53473827</internalNodes>
          <leafValues>
            -4.8235067725181580e-01 3.5875794291496277e-01</leafValues></_>
        <_>
          <internalNodes>
            0 -1 70 -136380422 -1181964376 -1893457416 1026304500
            769454328 419441208 2099067388 2147352575</internalNodes>
          <leafValues>
            -5.4217386245727539e-01 3.2970723509788513e-01</leafValues></_>
        <_>
          <internalNodes>
            0 -1 13 -286266646 -69206561 -488312069 -222301737
            2004578127 -812974710 -139725057 -5</internalNodes>
          <leafValues>
            -4.4221940636634827e-01 3.8453635573387146e-01</leafValues></_>
        <_>
          <internalNodes>
            0 -1 4 151126236 -537240456 -1089801225 2133905528 170922228
            -8695647 201377023 1579380852</internalNodes>
          <leafValues>
            -6.3807332515716553e-01 2.6432561874389648e-01</leafValues></_>
        <_>
          <internalNodes>
            0 -1 21 355753461 -2198051 -104861185 -40963 -196611
            -1076183137 -1075970049 799542364</internalNodes>
          <leafValues>
            -6.1919283866882324e-01 2.5167307257652283e-01</leafValues></_>
        <_>
          <internalNodes>
            0 -1 28 889377936 -537459746 -1078059265 1061097279
            1846191082 -1645548859 555182829 -1092666177</internalNodes>
          <leafValues>
            -4.8342412710189819e-01 3.4900963306427002e-01</leafValues></_>
        <_>
          <internalNodes>
            0 -1 10 -1006635009 549177309 -14688257 -490742785
            1726713951 1207891999 -1478760713 -402916465</internalNodes>
          <leafValues>
            -5.7496500015258789e-01 3.1861770153045654e-01</leafValues></_></weakClassifiers></_>
    <!-- stage 10 -->
    <_>
      <maxWeakCount>10</maxWeakCount>
      <stageThreshold>-1.4666510820388794e+00</stageThreshold>
      <weakClassifiers>
        <_>
          <internalNodes>
            0 -1 43 -8585217 -545390596 -33752065 -539209391 -36112899
            -662123188 -537037833 -10529</internalNodes>
          <leafValues>
            -6.5779697895050049e-01 2.0725883543491364e-01</leafValues></_>
        <_>
          <internalNodes>
            0 -1 52 -33022 -536905985 -35918343 -2230401 1040137999 -769
            -1644220417 -257</internalNodes>
          <leafValues>
            -6.0312163829803467e-01 2.4210777878761292e-01</leafValues></_>
        <_>
          <internalNodes>
            0 -1 37 1887982072 1407187156 1065311741 -33727240
            -1298486584 -330305 804196536 1069482170</internalNodes>
          <leafValues>
            -6.1984884738922119e-01 2.6839712262153625e-01</leafValues></_>
        <_>
          <internalNodes>
            0 -1 8 -357568913 -488647549 -521157022 -232793953
            1195340615 1261165115 1912074871 1946152955</internalNodes>
          <leafValues>
            -5.7262086868286133e-01 3.0121380090713501e-01</leafValues></_>
        <_>
          <internalNodes>
            0 -1 30 -1077992773 -389979570 353708539 -594080855
            -590374181 -720332312 -448689473 -73815382</internalNodes>
          <leafValues>
            -5.8691513538360596e-01 2.6050943136215210e-01</leafValues></_>
        <_>
          <internalNodes>
            0 -1 45 -154942846 1363269507 1646785562 17944539 1629536640
            1079146131 1143265198 1909454843</internalNodes>
          <leafValues>
            -5.6915915012359619e-01 2.7583181858062744e-01</leafValues></_>
        <_>
          <internalNodes>
            0 -1 22 272127224 1563449468 -1646567937 966531316
            -1098081025 -4293892 -1153789974 134742148</internalNodes>
          <leafValues>
            -6.6089510917663574e-01 2.4350638687610626e-01</leafValues></_>
        <_>
          <internalNodes>
            0 -1 39 -1112515211 -35766831 -40961 -8441507 -1438879745
            -67108865 -1897078785 1026037756</internalNodes>
          <leafValues>
            -5.8935713768005371e-01 2.4916774034500122e-01</leafValues></_>
        <_>
          <internalNodes>
            0 -1 57 -1056447869 -397960253 -1063239166 -1322844429
            -2010913042 4524551 -722077789 -713821449</internalNodes>
          <leafValues>
            -3.8837683200836182e-01 4.1928124427795410e-01</leafValues></_>
        <_>
          <internalNodes>
            0 -1 77 -135270481 -1416642681 -959480166 -1159996067
            -3178517 1471412343 -541209089 -201326593</internalNodes>
          <leafValues>
            -4.2388820648193359e-01 3.7696555256843567e-01</leafValues></_></weakClassifiers></_></stages>
  <features>
    <_>
      <rect>
        0 4 1 3</rect></_>
    <_>
      <rect>
        0 4 2 4</rect></_>
    <_>
      <rect>
        0 5 2 1</rect></_>
    <_>
      <rect>
        0 7 6 4</rect></_>
    <_>
      <rect>
        0 16 6 1</rect></_>
    <_>
      <rect>
        1 0 2 4</rect></_>
    <_>
      <rect>
        1 5 4 3</rect></_>
    <_>
      <rect>
        1 6 2 2</rect></_>
    <_>
      <rect>
        1 7 2 3</rect></_>
    <_>
      <rect>
        1 13 4 2</rect></_>
    <_>
      <rect>
        2 5 3 2</rect></_>
    <_>
      <rect>
        2 6 2 3</rect></_>
    <_>
      <rect>
        2 6 3 3</rect></_>
    <_>
      <rect>
        2 8 2 2</rect></_>
    <_>
      <rect>
        2 10 8 3</rect></_>
    <_>
      <rect>
        3 7 3 2</rect></_>
    <_>
      <rect>
        4 0 5 1</rect></_>
    <_>
      <rect>
        4 0 5 2</rect></_>
    <_>
      <rect>
        4 5 6 1</rect></_>
    <_>
      <rect>
        4 6 6 1</rect></_>
    <_>
      <rect>
        4 6 6 2</rect></_>
    <_>
      <rect>
        5 0 1 1</rect></_>
    <_>
      <rect>
        5 0 7 1</rect></_>
    <_>
      <rect>
        5 2 1 1</rect></_>
    <_>
      <rect>
        5 3 4 2</rect></_>
    <_>
      <rect>
        5 7 4 2</rect></_>
    <_>
      <rect>
        5 8 6 2</rect></_>
    <_>
      <rect>
        5 9 1 2</rect></_>
    <_>
      <rect>
        5 10 4 1</rect></_>
    <_>
      <rect>
        5 17 4 1</rect></_>
    <_>
      <rect>
        6 1 5 5</rect></_>
    <_>
      <rect>
        6 4 3 2</rect></_>
    <_>
      <rect>
        6 17 3 1</rect></_>
    <_>
      <rect>
        7 8 4 1</rect></_>
    <_>
      <rect>
        7 9 3 1</rect></_>
    <_>
      <rect>
        7 9 4 1</rect></_>
    <_>
      <rect>
        8 0 5 2</rect></_>
    <_>
      <rect>
        8 9 4 1</rect></_>
    <_>
      <rect>
        8 10 4 1</rect></_>
    <_>
      <rect>
        8 17 3 1</rect></_>
    <_>
      <rect>
        8 17 4 1</rect></_>
    <_>
      <rect>
        9 3 4 1</rect></_>
    <_>
      <rect>
        9 6 1 3</rect></_>
    <_>
      <rect>
        9 6 3 2</rect></_>
    <_>
      <rect>
        9 9 4 1</rect></_>
    <_>
      <rect>
        9 10 1 2</rect></_>
    <_>
      <rect>
        10 8 4 1</rect></_>
    <_>
      <rect>
        10 8 4 2</rect></_>
    <_>
      <rect>
        10 10 1 2</rect></_>
    <_>
      <rect>
        10 16 3 1</rect></_>
    <_>
      <rect>
        11 6 1 3</rect></_>
    <_>
      <rect>
        11 17 3 1</rect></_>
    <_>
      <rect>
        12 5 3 1</rect></_>
    <_>
      <rect>
        12 5 3 2</rect></_>
    <_>
      <rect>
        12 7 1 1</rect></_>
    <_>
      <rect>
        12 7 1 2</rect></_>
    <_>
      <rect>
        12 9 3 1</rect></_>
    <_>
      <rect>
        13 4 1 4</rect></_>
    <_>
      <rect>
        13 6 1 1</rect></_>
    <_>
      <rect>
        13 6 1 3</rect></_>
    <_>
      <rect>
        13 7 1 1</rect></_>
    <_>
      <rect>
        13 7 4 4</rect></_>
    <_>
      <rect>
        14 1 4 4</rect></_>
    <_>
      <rect>
        14 6 1 1</rect></_>
    <_>
      <rect>
        14 6 1 2</rect></_>
    <_>
      <rect>
        14 6 1 3</rect></_>
    <_>
      <rect>
        14 7 2 2</rect></_>
    <_>
      <rect>
        14 10 4 3</rect></_>
    <_>
      <rect>
        15 0 3 1</rect></_>
    <_>
      <rect>
        15 6 3 3</rect></_>
    <_>
      <rect>
        15 12 1 2</rect></_>
    <_>
      <rect>
        16 2 2 1</rect></_>
    <_>
      <rect>
        19 0 2 5</rect></_>
    <_>
      <rect>
        19 5 2 3</rect></_>
    <_>
      <rect>
        19 8 2 2</rect></_>
    <_>
      <rect>
        20 5 2 2</rect></_>
    <_>
      <rect>
        20 7 2 1</rect></_>
    <_>
      <rect>
        20 8 2 1</rect></_>
    <_>
      <rect>
        23 5 1 2</rect></_></features></cascade>
</opencv_storage>
