<?xml version="1.0"?>
<opencv_storage>
<cascade>
  <stageType>BOOST</stageType>
  <featureType>LBP</featureType>
  <height>16</height>
  <width>56</width>
  <stageParams>
    <boostType>GAB</boostType>
    <minHitRate>9.9500000476837158e-01</minHitRate>
    <maxFalseAlarm>4.0000000596046448e-01</maxFalseAlarm>
    <weightTrimRate>9.4999999999999996e-01</weightTrimRate>
    <maxDepth>1</maxDepth>
    <maxWeakCount>100</maxWeakCount></stageParams>
  <featureParams>
    <maxCatCount>256</maxCatCount>
    <featSize>1</featSize></featureParams>
  <stageNum>11</stageNum>
  <stages>
    <!-- stage 0 -->
    <_>
      <maxWeakCount>3</maxWeakCount>
      <stageThreshold>-1.0451923608779907e+00</stageThreshold>
      <weakClassifiers>
        <_>
          <internalNodes>
            0 -1 36 -393219 -3 -6423041 -10787 -1416053761 -257
            -1346852097 -1081341816</internalNodes>
          <leafValues>
            -8.4839957952499390e-01 7.2987872362136841e-01</leafValues></_>
        <_>
          <internalNodes>
            0 -1 45 -842010930 -49 -35659809 -1 -1048593 -1 -4113
            -1053042</internalNodes>
          <leafValues>
            -8.3477401733398438e-01 6.3444960117340088e-01</leafValues></_>
        <_>
          <internalNodes>
            0 -1 33 922786064 -34210339 -1617846913 -42134051
            -1146421512 -67552328 -1155989574 -1147598567</internalNodes>
          <leafValues>
            -7.9891026020050049e-01 6.3798117637634277e-01</leafValues></_></weakClassifiers></_>
    <!-- stage 1 -->
    <_>
      <maxWeakCount>5</maxWeakCount>
      <stageThreshold>-1.2017160654067993e+00</stageThreshold>
      <weakClassifiers>
        <_>
          <internalNodes>
            0 -1 59 -1 -8388609 -262147 -1025 -2097155 -131075 -1188356
            -1</internalNodes>
          <leafValues>
            -8.0423414707183838e-01 7.1497148275375366e-01</leafValues></_>
        <_>
          <internalNodes>
            0 -1 23 823663869 -2157571 536297471 -10543107 -1883701249
            -17409 -1086813185 1069222028</internalNodes>
          <leafValues>
            -7.9694825410842896e-01 5.7013964653015137e-01</leafValues></_>
        <_>
          <internalNodes>
            0 -1 37 -1073495549 -1 -2097153 -9439377 -150994945 -2116609
            -301990929 -1073496061</internalNodes>
          <leafValues>
            -6.9870513677597046e-01 6.4994341135025024e-01</leafValues></_>
        <_>
          <internalNodes>
            0 -1 35 -13586952 -157700 -1087894051 -1073930916
            -1343833093 -4682241 -1883656193 -1346895796</internalNodes>
          <leafValues>
            -7.5416016578674316e-01 5.4544264078140259e-01</leafValues></_>
        <_>
          <internalNodes>
            0 -1 50 -58 -354 -1890653300 -614469684 -539033881
            -202441735 1871564686 -5244929</internalNodes>
          <leafValues>
            -6.8963301181793213e-01 5.5272889137268066e-01</leafValues></_></weakClassifiers></_>
    <!-- stage 2 -->
    <_>
      <maxWeakCount>6</maxWeakCount>
      <stageThreshold>-1.7692946195602417e+00</stageThreshold>
      <weakClassifiers>
        <_>
          <internalNodes>
            0 -1 11 -1 -65538 -73729 -65537 -132097 -2299137 -4097 -1</internalNodes>
          <leafValues>
            -7.9372590780258179e-01 5.7357859611511230e-01</leafValues></_>
        <_>
          <internalNodes>
            0 -1 66 -38142192 -35848195 -35668003 -33565347 -17237574
            -1124271176 -1079791701 -1078260581</internalNodes>
          <leafValues>
            -7.2867351770401001e-01 4.8329105973243713e-01</leafValues></_>
        <_>
          <internalNodes>
            0 -1 39 -2 1071180799 2013017084 1072973788 -537101060
            493898748 -1107779908 -1</internalNodes>
          <leafValues>
            -6.8333017826080322e-01 5.2370953559875488e-01</leafValues></_>
        <_>
          <internalNodes>
            0 -1 30 -4670024 -289283 356100795 -1073935371 -1078215681
            -1077958211 -1086607361 -1078129636</internalNodes>
          <leafValues>
            -6.2974220514297485e-01 5.2924913167953491e-01</leafValues></_>
        <_>
          <internalNodes>
            0 -1 25 -502291709 -2097681 -137371653 -136316929 -201330897
            -1049729 -202379281 1107551011</internalNodes>
          <leafValues>
            -6.4298796653747559e-01 5.2137058973312378e-01</leafValues></_>
        <_>
          <internalNodes>
            0 -1 3 -1025048593 -8454153 -478153249 -2173957 -188874753
            -262597 -1049601 -520882438</internalNodes>
          <leafValues>
            -6.1015290021896362e-01 5.4480654001235962e-01</leafValues></_></weakClassifiers></_>
    <!-- stage 3 -->
    <_>
      <maxWeakCount>6</maxWeakCount>
      <stageThreshold>-1.6359119415283203e+00</stageThreshold>
      <weakClassifiers>
        <_>
          <internalNodes>
            0 -1 78 -1 -1 -538968579 -1 -67108868 -263171 -2097668 -1</internalNodes>
          <leafValues>
            -7.6843744516372681e-01 5.3943943977355957e-01</leafValues></_>
        <_>
          <internalNodes>
            0 -1 67 -1073495805 -234883073 -67111969 -2099217 -75507713
            -809503777 -355729409 -1038105597</internalNodes>
          <leafValues>
            -6.8578118085861206e-01 5.0043672323226929e-01</leafValues></_>
        <_>
          <internalNodes>
            0 -1 15 -278664217 -1050641 2147483647 -11534361 -343932945
            -49 -538968081 -285019389</internalNodes>
          <leafValues>
            -5.5803322792053223e-01 5.9757816791534424e-01</leafValues></_>
        <_>
          <internalNodes>
            0 -1 26 512236797 -174625 1062731775 1073551357 -1079377921
            -4194310 -1346650113 993790180</internalNodes>
          <leafValues>
            -7.2969949245452881e-01 4.4957882165908813e-01</leafValues></_>
        <_>
          <internalNodes>
            0 -1 76 -1039416825 -3148417 -67110913 -17 -134217745
            -71306593 -12293 -1068777469</internalNodes>
          <leafValues>
            -5.4335725307464600e-01 5.8002787828445435e-01</leafValues></_>
        <_>
          <internalNodes>
            0 -1 51 -262146 -67568136 -82141182 2007215580 -8520257
            990914360 2005741838 2000680447</internalNodes>
          <leafValues>
            -5.9913277626037598e-01 4.9378532171249390e-01</leafValues></_></weakClassifiers></_>
    <!-- stage 4 -->
    <_>
      <maxWeakCount>7</maxWeakCount>
      <stageThreshold>-2.2062957286834717e+00</stageThreshold>
      <weakClassifiers>
        <_>
          <internalNodes>
            0 -1 21 -1 -197666 -1 -1 -100794369 -1076039939 -1048577
            -131073</internalNodes>
          <leafValues>
            -7.6847684383392334e-01 4.6340134739875793e-01</leafValues></_>
        <_>
          <internalNodes>
            0 -1 60 -237 -37 -134218753 -5 -1 -1089 -1056833 -116785407</internalNodes>
          <leafValues>
            -6.0895538330078125e-01 4.9938541650772095e-01</leafValues></_>
        <_>
          <internalNodes>
            0 -1 70 -1 -2318594 1069301756 1073494012 -1073841155
            534518781 805060604 -1</internalNodes>
          <leafValues>
            -5.4893314838409424e-01 5.3637158870697021e-01</leafValues></_>
        <_>
          <internalNodes>
            0 -1 20 -3604484 -35791464 -541487617 -572686140 -4521987
            -17674 -1162170705 -1362163190</internalNodes>
          <leafValues>
            -5.7775717973709106e-01 4.9126368761062622e-01</leafValues></_>
        <_>
          <internalNodes>
            0 -1 2 -857617163 -285212689 -270802945 -268440193
            -856163329 -1140861955 -16781313 -924793788</internalNodes>
          <leafValues>
            -5.3668582439422607e-01 4.8434928059577942e-01</leafValues></_>
        <_>
          <internalNodes>
            0 -1 22 1618420003 -25168897 -10623585 -10487809 -134219009
            -83916809 -5243909 -532419797</internalNodes>
          <leafValues>
            -5.7090568542480469e-01 4.6299335360527039e-01</leafValues></_>
        <_>
          <internalNodes>
            0 -1 43 -1078395396 -1078774275 1073560829 1071454621
            -1153908801 -1344193284 800959999 792468548</internalNodes>
          <leafValues>
            -7.4212914705276489e-01 3.3639729022979736e-01</leafValues></_></weakClassifiers></_>
    <!-- stage 5 -->
    <_>
      <maxWeakCount>8</maxWeakCount>
      <stageThreshold>-1.7480094432830811e+00</stageThreshold>
      <weakClassifiers>
        <_>
          <internalNodes>
            0 -1 8 -1 -534529 -537198593 -1080885249 -16385 -1 -2097153
            -1</internalNodes>
          <leafValues>
            -7.0402067899703979e-01 6.5799540281295776e-01</leafValues></_>
        <_>
          <internalNodes>
            0 -1 63 -801 -603991809 1599065103 1339016447 -549468773
            -76823105 1595924235 -547365377</internalNodes>
          <leafValues>
            -5.0990325212478638e-01 6.3905030488967896e-01</leafValues></_>
        <_>
          <internalNodes>
            0 -1 71 -1039973885 -67109953 -513 -536870921 -138412033
            -5242913 -10489921 -1035222777</internalNodes>
          <leafValues>
            -5.9732669591903687e-01 4.3383660912513733e-01</leafValues></_>
        <_>
          <internalNodes>
            0 -1 12 -147324948 -183175179 -4115 -13139969 -134873089
            1898315757 -8193 -3145729</internalNodes>
          <leafValues>
            -5.4496371746063232e-01 4.9755701422691345e-01</leafValues></_>
        <_>
          <internalNodes>
            0 -1 47 -67109410 -68026439 -70144214 -36194134 -269484567
            2053192992 2013130158 2139090431</internalNodes>
          <leafValues>
            -5.0915426015853882e-01 4.9623697996139526e-01</leafValues></_>
        <_>
          <internalNodes>
            0 -1 42 -1089423184 -12862468 -1215089155 268189693
            1060350877 -1355471179 993730493 973931004</internalNodes>
          <leafValues>
            -6.7260932922363281e-01 3.5985144972801208e-01</leafValues></_>
        <_>
          <internalNodes>
            0 -1 27 -584193330 -5377 -45942273 -33554437 -18 -8388609
            -268306 -4199934</internalNodes>
          <leafValues>
            -6.3769054412841797e-01 3.6881893873214722e-01</leafValues></_>
        <_>
          <internalNodes>
            0 -1 40 -278530 2108732861 -677693188 -547754822 1059967420
            510930104 2146221050 2147483135</internalNodes>
          <leafValues>
            -5.8414548635482788e-01 3.8868877291679382e-01</leafValues></_></weakClassifiers></_>
    <!-- stage 6 -->
    <_>
      <maxWeakCount>8</maxWeakCount>
      <stageThreshold>-1.7377587556838989e+00</stageThreshold>
      <weakClassifiers>
        <_>
          <internalNodes>
            0 -1 4 -269484033 -2098177 -2097153 -1 -268436481 -3407909
            -268443649 -288882953</internalNodes>
          <leafValues>
            -7.2151899337768555e-01 4.3409916758537292e-01</leafValues></_>
        <_>
          <internalNodes>
            0 -1 49 1090519039 -33554945 -574619649 -536870977
            -268435457 -263233 -65 -1058013201</internalNodes>
          <leafValues>
            -6.0549730062484741e-01 4.4760972261428833e-01</leafValues></_>
        <_>
          <internalNodes>
            0 -1 77 -1 -1073955010 1072963508 -1073954884 -1107509252
            1072971700 737979132 -131073</internalNodes>
          <leafValues>
            -5.7679480314254761e-01 4.2160665988922119e-01</leafValues></_>
        <_>
          <internalNodes>
            0 -1 24 -1626800132 -131332 -1749417985 1073551837
            -1079443522 -265731 1067499519 -1088616185</internalNodes>
          <leafValues>
            -5.7254594564437866e-01 4.0989327430725098e-01</leafValues></_>
        <_>
          <internalNodes>
            0 -1 80 -1086586883 1064878013 -285229315 528089087
            -1073905667 -1075879939 498884092 -1111752723</internalNodes>
          <leafValues>
            -4.4475182890892029e-01 4.7570961713790894e-01</leafValues></_>
        <_>
          <internalNodes>
            0 -1 34 -50397496 -571539729 -193417744 -193462273
            -184553478 -130809857 -17440853 -2841</internalNodes>
          <leafValues>
            -6.4574575424194336e-01 3.0541008710861206e-01</leafValues></_>
        <_>
          <internalNodes>
            0 -1 1 -33752067 2147483639 -1 -393217 -1 -129 -268500993
            -36119056</internalNodes>
          <leafValues>
            -3.9170506596565247e-01 5.2524656057357788e-01</leafValues></_>
        <_>
          <internalNodes>
            0 -1 52 -134283794 -237313553 -263819640 -254095478
            -88343665 2077835172 -203434230 1944967167</internalNodes>
          <leafValues>
            -5.9206461906433105e-01 3.4918364882469177e-01</leafValues></_></weakClassifiers></_>
    <!-- stage 7 -->
    <_>
      <maxWeakCount>9</maxWeakCount>
      <stageThreshold>-1.6959785223007202e+00</stageThreshold>
      <weakClassifiers>
        <_>
          <internalNodes>
            0 -1 13 -1 -589825 -327682 -1078788098 -769 -8225 2146335743
            -1</internalNodes>
          <leafValues>
            -7.5198322534561157e-01 3.0919909477233887e-01</leafValues></_>
        <_>
          <internalNodes>
            0 -1 64 -1861 -536879881 -551563505 -807416353 -143404637
            -8388609 1461705995 -547365377</internalNodes>
          <leafValues>
            -5.0563740730285645e-01 5.2403205633163452e-01</leafValues></_>
        <_>
          <internalNodes>
            0 -1 73 807932157 -182305 -1084235777 -100720641 -1084507139
            -1077959457 -1145397249 990511144</internalNodes>
          <leafValues>
            -7.0585018396377563e-01 3.0050498247146606e-01</leafValues></_>
        <_>
          <internalNodes>
            0 -1 5 -353907969 -67108931 -268435497 -8388635 -306192385
            -4468833 -947400705 -1066023756</internalNodes>
          <leafValues>
            -5.0959384441375732e-01 4.2078414559364319e-01</leafValues></_>
        <_>
          <internalNodes>
            0 -1 44 -135004932 -13385303 -2260862 2011670784 -545260115
            1936985397 -671873842 2013255677</internalNodes>
          <leafValues>
            -5.5762702226638794e-01 3.7356930971145630e-01</leafValues></_>
        <_>
          <internalNodes>
            0 -1 69 -268501624 -923077129 1510622604 49204909
            -1158152271 1502704942 1557847567 1275060095</internalNodes>
          <leafValues>
            -6.6680961847305298e-01 2.9700765013694763e-01</leafValues></_>
        <_>
          <internalNodes>
            0 -1 38 -5251154 -9453918 797111310 2131230573 -270095185
            -1083590025 1271893455 -275777553</internalNodes>
          <leafValues>
            -6.2293761968612671e-01 2.9274880886077881e-01</leafValues></_>
        <_>
          <internalNodes>
            0 -1 10 2111135671 -11267 -70034433 -1 -83955777 -2103361
            -171312299 -858987148</internalNodes>
          <leafValues>
            -4.8028641939163208e-01 3.7846100330352783e-01</leafValues></_>
        <_>
          <internalNodes>
            0 -1 53 -8598524 -215437906 2007944206 -210203542 -472003697
            1889017103 1739580418 2003824575</internalNodes>
          <leafValues>
            -6.3985937833786011e-01 3.0634939670562744e-01</leafValues></_></weakClassifiers></_>
    <!-- stage 8 -->
    <_>
      <maxWeakCount>10</maxWeakCount>
      <stageThreshold>-1.7300548553466797e+00</stageThreshold>
      <weakClassifiers>
        <_>
          <internalNodes>
            0 -1 82 -33554435 -1 -3 -2099201 -3 -66561 -268444163 -1</internalNodes>
          <leafValues>
            -6.9106096029281616e-01 4.1980198025703430e-01</leafValues></_>
        <_>
          <internalNodes>
            0 -1 16 -282136593 -13647921 -8912897 -9453753 -282072243
            -280145 -270533137 -11534513</internalNodes>
          <leafValues>
            -5.0940287113189697e-01 4.6177226305007935e-01</leafValues></_>
        <_>
          <internalNodes>
            0 -1 83 -93061357 -917705 -262273 -33554571 -17 -67113093
            -1074528273 -401023184</internalNodes>
          <leafValues>
            -4.2950353026390076e-01 4.8229336738586426e-01</leafValues></_>
        <_>
          <internalNodes>
            0 -1 29 -1 -1208158273 1610389758 1035792380 -1610776676
            429148540 536677116 -1</internalNodes>
          <leafValues>
            -4.4693231582641602e-01 4.6686416864395142e-01</leafValues></_>
        <_>
          <internalNodes>
            0 -1 57 -395267 -143327236 -673841163 -4719617 -13517315
            -537588556 256115853 2102460741</internalNodes>
          <leafValues>
            -4.8041793704032898e-01 3.9278998970985413e-01</leafValues></_>
        <_>
          <internalNodes>
            0 -1 61 -1006113278 -46138489 -1158153545 -1296302105
            -323031121 -269488665 -24416585 -361760793</internalNodes>
          <leafValues>
            -4.6333816647529602e-01 4.1745829582214355e-01</leafValues></_>
        <_>
          <internalNodes>
            0 -1 68 -1476372232 -708839431 -539492417 502615125 -5572609
            -10748181 -303239169 -1180053265</internalNodes>
          <leafValues>
            -5.2176910638809204e-01 3.7026578187942505e-01</leafValues></_>
        <_>
          <internalNodes>
            0 -1 31 -1068120793 -67645193 -652747777 -671092737 -263253
            -87040129 -3154001 -532422397</internalNodes>
          <leafValues>
            -4.6057039499282837e-01 4.0219148993492126e-01</leafValues></_>
        <_>
          <internalNodes>
            0 -1 75 259817341 -805439017 -7868929 -131073 -19075267
            1588984831 -655363 1878286196</internalNodes>
          <leafValues>
            -6.9318187236785889e-01 2.3830430209636688e-01</leafValues></_>
        <_>
          <internalNodes>
            0 -1 79 -17895172 -2060526125 1542280684 -509411858
            -1429346360 -358046448 1339849180 1542454651</internalNodes>
          <leafValues>
            -6.0459047555923462e-01 2.9107788205146790e-01</leafValues></_></weakClassifiers></_>
    <!-- stage 9 -->
    <_>
      <maxWeakCount>11</maxWeakCount>
      <stageThreshold>-1.7180263996124268e+00</stageThreshold>
      <weakClassifiers>
        <_>
          <internalNodes>
            0 -1 58 -769 -9089 -538976433 -538981121 -4203013 -67121665
            -548414177 -547364865</internalNodes>
          <leafValues>
            -6.8504858016967773e-01 3.8265970349311829e-01</leafValues></_>
        <_>
          <internalNodes>
            0 -1 9 -1643522 -327685 1342107647 -71895182 -817569033
            -536905233 1809317883 -10249</internalNodes>
          <leafValues>
            -5.9726876020431519e-01 3.5460519790649414e-01</leafValues></_>
        <_>
          <internalNodes>
            0 -1 41 -269484082 -280055890 -90438 -71630872 -1428216345
            -1142224929 -1069061 -2049</internalNodes>
          <leafValues>
            -5.7786315679550171e-01 3.0543777346611023e-01</leafValues></_>
        <_>
          <internalNodes>
            0 -1 48 534322365 2147293021 1908095995 1073466863
            -580035652 -1073800548 -2281473 -228</internalNodes>
          <leafValues>
            -4.1843828558921814e-01 4.1043540835380554e-01</leafValues></_>
        <_>
          <internalNodes>
            0 -1 18 -461951193 -352452769 -7734433 -304088305 -90701825
            -4208165 -286786625 -528666847</internalNodes>
          <leafValues>
            -4.9123781919479370e-01 3.6235439777374268e-01</leafValues></_>
        <_>
          <internalNodes>
            0 -1 46 -208603440 -179464748 2099244991 368382017
            1811647163 -1175473669 735816175 148832265</internalNodes>
          <leafValues>
            -5.6988877058029175e-01 2.9373091459274292e-01</leafValues></_>
        <_>
          <internalNodes>
            0 -1 7 2146926463 2138939355 -3293353 -268568065 1879042943
            -847642691 -268439728 1819344724</internalNodes>
          <leafValues>
            -5.1686108112335205e-01 3.0770790576934814e-01</leafValues></_>
        <_>
          <internalNodes>
            0 -1 72 928874495 -23276801 -616562729 1474166773 -6296577
            -7472137 -8784241 2101149565</internalNodes>
          <leafValues>
            -5.2195620536804199e-01 2.9888916015625000e-01</leafValues></_>
        <_>
          <internalNodes>
            0 -1 32 -1073495549 -6346765 -340404258 -352872465
            -663749122 -1069133 -146806277 -1073494585</internalNodes>
          <leafValues>
            -4.8313328623771667e-01 3.2527777552604675e-01</leafValues></_>
        <_>
          <internalNodes>
            0 -1 14 1063103471 -136995875 -1340689921 -67128387
            -507265601 -1141788006 -219170049 -716960504</internalNodes>
          <leafValues>
            -4.5721590518951416e-01 3.6192828416824341e-01</leafValues></_>
        <_>
          <internalNodes>
            0 -1 56 -40317780 -167937927 -1076642036 -378286988
            1044053918 2054736527 2037759754 2076139482</internalNodes>
          <leafValues>
            -5.9875541925430298e-01 2.6297777891159058e-01</leafValues></_></weakClassifiers></_>
    <!-- stage 10 -->
    <_>
      <maxWeakCount>11</maxWeakCount>
      <stageThreshold>-1.5803068876266479e+00</stageThreshold>
      <weakClassifiers>
        <_>
          <internalNodes>
            0 -1 62 -257 -44969 1427101527 1542938463 -5242949 -1
            1195638575 -1</internalNodes>
          <leafValues>
            -6.7265135049819946e-01 3.4876033663749695e-01</leafValues></_>
        <_>
          <internalNodes>
            0 -1 28 1409282559 1939339103 1879036415 1358395359
            1934325329 1601645797 -830481697 1610612719</internalNodes>
          <leafValues>
            -5.4590314626693726e-01 3.0792137980461121e-01</leafValues></_>
        <_>
          <internalNodes>
            0 -1 81 -240 -592052963 -1619528299 -538971425 -69223009
            -1180963110 -98377953 -70254829</internalNodes>
          <leafValues>
            -4.6597364544868469e-01 3.7983867526054382e-01</leafValues></_>
        <_>
          <internalNodes>
            0 -1 65 4146691 -14698729 -1138778249 -526985 -855650817
            -5189 -16844833 -216283265</internalNodes>
          <leafValues>
            -3.9402586221694946e-01 4.1330844163894653e-01</leafValues></_>
        <_>
          <internalNodes>
            0 -1 74 -15671556 -5207771 1058081657 1024664349 -1155417095
            -1611069235 521214973 1061098673</internalNodes>
          <leafValues>
            -5.1402300596237183e-01 3.3375990390777588e-01</leafValues></_>
        <_>
          <internalNodes>
            0 -1 6 -1048577 -4204641 -541667457 -274727973 -842532867
            -605292101 -16957612 1692991348</internalNodes>
          <leafValues>
            -4.4691237807273865e-01 3.4739661216735840e-01</leafValues></_>
        <_>
          <internalNodes>
            0 -1 17 -219958533 -268442577 94449135 32465443 844342139
            -1210599183 390823799 2147448155</internalNodes>
          <leafValues>
            -4.0495336055755615e-01 3.8254821300506592e-01</leafValues></_>
        <_>
          <internalNodes>
            0 -1 19 -134218684 1558696409 -3180796 -68165817 -168449039
            1911606587 -17171457 1958556619</internalNodes>
          <leafValues>
            -5.7533365488052368e-01 2.4776358902454376e-01</leafValues></_>
        <_>
          <internalNodes>
            0 -1 55 -637534219 -33557729 -1080451409 -103292417
            -71959632 -37305927 -537966335 232723581</internalNodes>
          <leafValues>
            -4.9741992354393005e-01 2.8382107615470886e-01</leafValues></_>
        <_>
          <internalNodes>
            0 -1 0 2138406271 -2261025 -772834817 -6291533 -740824577
            -527473 -3417699 -839581891</internalNodes>
          <leafValues>
            -3.9733719825744629e-01 3.6460295319557190e-01</leafValues></_>
        <_>
          <internalNodes>
            0 -1 54 -789850304 -749814785 -1575815678 -117982473
            348839767 130519847 -374155401 -822738985</internalNodes>
          <leafValues>
            -6.3854801654815674e-01 2.4949319660663605e-01</leafValues></_></weakClassifiers></_></stages>
  <features>
    <_>
      <rect>
        0 0 1 1</rect></_>
    <_>
      <rect>
        0 0 1 2</rect></_>
    <_>
      <rect>
        0 0 4 2</rect></_>
    <_>
      <rect>
        0 0 9 4</rect></_>
    <_>
      <rect>
        0 1 5 2</rect></_>
    <_>
      <rect>
        0 1 8 2</rect></_>
    <_>
      <rect>
        0 3 1 1</rect></_>
    <_>
      <rect>
        0 4 1 1</rect></_>
    <_>
      <rect>
        0 10 5 2</rect></_>
    <_>
      <rect>
        0 11 7 1</rect></_>
    <_>
      <rect>
        1 1 1 1</rect></_>
    <_>
      <rect>
        1 7 9 3</rect></_>
    <_>
      <rect>
        1 8 18 1</rect></_>
    <_>
      <rect>
        1 10 5 2</rect></_>
    <_>
      <rect>
        2 0 18 2</rect></_>
    <_>
      <rect>
        2 1 5 3</rect></_>
    <_>
      <rect>
        2 2 5 3</rect></_>
    <_>
      <rect>
        3 5 5 1</rect></_>
    <_>
      <rect>
        6 1 1 3</rect></_>
    <_>
      <rect>
        6 4 2 3</rect></_>
    <_>
      <rect>
        6 4 11 1</rect></_>
    <_>
      <rect>
        6 9 7 2</rect></_>
    <_>
      <rect>
        8 1 1 3</rect></_>
    <_>
      <rect>
        8 2 13 1</rect></_>
    <_>
      <rect>
        8 3 12 1</rect></_>
    <_>
      <rect>
        9 1 1 3</rect></_>
    <_>
      <rect>
        9 2 9 1</rect></_>
    <_>
      <rect>
        9 2 9 3</rect></_>
    <_>
      <rect>
        9 7 5 2</rect></_>
    <_>
      <rect>
        9 9 1 2</rect></_>
    <_>
      <rect>
        9 10 12 1</rect></_>
    <_>
      <rect>
        10 0 1 3</rect></_>
    <_>
      <rect>
        10 2 1 2</rect></_>
    <_>
      <rect>
        10 3 14 1</rect></_>
    <_>
      <rect>
        10 6 9 1</rect></_>
    <_>
      <rect>
        10 11 11 1</rect></_>
    <_>
      <rect>
        10 12 11 1</rect></_>
    <_>
      <rect>
        11 0 1 3</rect></_>
    <_>
      <rect>
        11 6 8 2</rect></_>
    <_>
      <rect>
        11 7 1 3</rect></_>
    <_>
      <rect>
        12 6 1 3</rect></_>
    <_>
      <rect>
        12 8 8 2</rect></_>
    <_>
      <rect>
        12 10 12 1</rect></_>
    <_>
      <rect>
        12 11 12 1</rect></_>
    <_>
      <rect>
        13 7 1 2</rect></_>
    <_>
      <rect>
        14 0 6 4</rect></_>
    <_>
      <rect>
        14 4 10 1</rect></_>
    <_>
      <rect>
        14 5 1 3</rect></_>
    <_>
      <rect>
        14 10 12 2</rect></_>
    <_>
      <rect>
        15 0 3 4</rect></_>
    <_>
      <rect>
        15 4 5 3</rect></_>
    <_>
      <rect>
        15 5 1 3</rect></_>
    <_>
      <rect>
        16 4 1 3</rect></_>
    <_>
      <rect>
        17 6 1 2</rect></_>
    <_>
      <rect>
        17 6 4 1</rect></_>
    <_>
      <rect>
        17 9 13 1</rect></_>
    <_>
      <rect>
        18 4 1 3</rect></_>
    <_>
      <rect>
        18 9 9 1</rect></_>
    <_>
      <rect>
        19 6 2 2</rect></_>
    <_>
      <rect>
        19 7 12 3</rect></_>
    <_>
      <rect>
        20 0 12 3</rect></_>
    <_>
      <rect>
        20 4 2 1</rect></_>
    <_>
      <rect>
        20 5 2 2</rect></_>
    <_>
      <rect>
        20 6 2 2</rect></_>
    <_>
      <rect>
        21 6 2 2</rect></_>
    <_>
      <rect>
        23 4 1 1</rect></_>
    <_>
      <rect>
        24 3 10 1</rect></_>
    <_>
      <rect>
        25 2 1 2</rect></_>
    <_>
      <rect>
        26 3 6 1</rect></_>
    <_>
      <rect>
        26 4 1 3</rect></_>
    <_>
      <rect>
        26 7 1 3</rect></_>
    <_>
      <rect>
        28 0 1 3</rect></_>
    <_>
      <rect>
        28 13 1 1</rect></_>
    <_>
      <rect>
        29 2 5 1</rect></_>
    <_>
      <rect>
        29 10 6 1</rect></_>
    <_>
      <rect>
        29 13 1 1</rect></_>
    <_>
      <rect>
        31 0 1 3</rect></_>
    <_>
      <rect>
        35 7 1 3</rect></_>
    <_>
      <rect>
        35 7 7 3</rect></_>
    <_>
      <rect>
        36 4 1 3</rect></_>
    <_>
      <rect>
        38 10 6 2</rect></_>
    <_>
      <rect>
        39 3 5 1</rect></_>
    <_>
      <rect>
        40 11 5 1</rect></_>
    <_>
      <rect>
        41 0 5 2</rect></_></features></cascade>
</opencv_storage>
